period_start,period_end,total_commits
2025-09-29,2025-10-05,27710898
2025-10-06,2025-10-12,28137605
2025-10-13,2025-10-19,28357715
2025-10-20,2025-10-26,30351136
2025-10-27,2025-11-02,30359595
2025-11-03,2025-11-09,34189093
2025-11-10,2025-11-16,30038402
2025-11-17,2025-11-23,30917110
2025-11-24,2025-11-30,30689411
2025-12-01,2025-12-07,31297542
2025-12-08,2025-12-14,30797339
2025-12-15,2025-12-21,29439603
2025-12-22,2025-12-28,28712840
2025-12-29,2026-01-04,28112332
2026-01-05,2026-01-11,31762461
2026-01-12,2026-01-18,34136002
2026-01-19,2026-01-25,34767465
2026-01-26,2026-02-01,33271166
2026-02-02,2026-02-08,33116036
2026-02-09,2026-02-15,34750581
2026-02-16,2026-02-22,41259558
2026-02-23,2026-03-01,39876425
2026-03-02,2026-03-08,45116019
2026-03-09,2026-03-15,61850040
2026-03-16,2026-03-22,57849491
2026-03-23,2026-03-27,30074457
